user_id,in_degree,out_degree,in_degree_centrality,out_degree_centrality,PageRank,betweenness,closeness_approx,community
115485051,3383,1,0.041608757,1.23E-05,0.004330685,1.01E-05,,6
40981798,3216,119,0.039554763,0.001463625,0.0013718,0.018777492,,0
43003845,2735,105,0.033638768,0.001291433,0.000906101,0.00751857,,0
813286,2647,1111,0.032556423,0.013664596,0.002338796,0.165257383,,6
22462180,2471,64,0.030391735,0.000787159,0.000741021,0.000631,,0
34428380,2462,51,0.030281041,0.000627268,0.000668032,0.001369087,,0
15913,2133,6,0.026234549,7.38E-05,0.000728775,0.000777095,,11
7861312,2074,224,0.025508886,0.002755058,0.001253775,0.014429215,,6
3359851,1905,1158,0.023430293,0.014242667,0.000652259,0.048123033,,52
11348282,1707,172,0.020995019,0.002115491,0.001221916,0.00810355,,23
